mnueggmdnm,fnahflfstw,2004-09-19 19:53:00,qdpaq@yandex.ru
dwyrdcivvu,duyiivffgi,2006-02-09 22:24:00,ncdro@gmail.com
ghjlubmtrk,gaxiyimxfe,1994-04-20 05:05:00,kfzls@mail.ru
mjeidigxfi,srelqtnqvt,2020-03-12 19:11:00,kxwjj@yandex.ru
oewcumcvjc,oidezvireq,2015-08-21 14:06:00,rqeoo@mail.ru
htycvjdhhi,kklseskpql,2012-11-03 21:02:00,pwubk@mail.ru
fvvhxuwvjr,uvleudfivl,1996-01-23 00:52:00,jnhzv@yandex.ru
dellitfeeu,pkgqqxnify,2008-10-03 08:21:00,abaso@gmail.com
fmsvonvtlb,qhsdfmtseg,1996-04-24 22:05:00,vcxds@gmail.com
tegvxiourl,yhjhzrsnnc,2000-06-23 00:47:00,dwrzy@yandex.ru
plzxtkhgmz,xniycveoij,1977-05-15 18:59:00,tglre@gmail.com
taalefzyjk,ffwzgbbhpr,1993-02-11 09:28:00,novjy@yandex.ru
kbrxhopqjm,tumnmvemnw,1974-12-15 20:40:00,eiyms@mail.ru
mvactjohpm,rkzrudycql,2007-10-02 20:28:00,bofxu@gmail.com
wupebjcnev,bdmmkjgwua,2015-12-01 01:10:00,dlbzn@gmail.com
isnlzlyvjg,zyfbgkdoka,1994-06-20 18:43:00,oyarn@gmail.com
qvgcppiluo,oyxxuoyqdy,2009-07-17 02:09:00,dqcny@yandex.ru
qlzbarohlk,xsaiqqquzu,2019-01-03 16:44:00,wvhsv@gmail.com
aqwgqyjise,uaglnrlgcy,2021-05-26 17:55:00,bbidw@mail.ru
fjxmikpilb,vhndrpfxga,2007-06-12 10:55:00,rjtvl@mail.ru
lhapeaesnu,vtgyqdrvzs,2015-04-22 20:10:00,wrqgn@mail.ru
tkpsnnueqz,twoqjbitek,1989-07-19 01:13:00,fehli@gmail.com
otddtlvqoz,mwwbuqwqwy,1999-01-30 10:01:00,efong@mail.ru
oqqstgophb,oyjrlrrppm,1980-03-19 16:53:00,undfw@gmail.com
wpcaybzmkk,tipvslewuf,1975-05-14 22:50:00,gzmfx@mail.ru
vtkrrbtjkf,ueeqiaylwy,2012-09-30 03:11:00,faryp@yandex.ru
fdleekmebe,tpkhuodhvr,1995-11-11 04:38:00,tmfoq@yandex.ru
umsnapmwfn,nwyifmoxbz,1971-04-13 07:33:00,aliuh@mail.ru
pogjsmjkch,iiydgoksad,2010-02-24 15:07:00,rwfkt@gmail.com
edyzsacudg,pcqnxdnaap,2012-07-09 18:50:00,omkwu@yandex.ru
moalmlxxvc,eylqmcprby,2008-12-27 18:16:00,uyjqu@mail.ru
zidedfaajh,qpqwqaprgt,1988-06-25 17:29:00,revsf@mail.ru
mcconjgfib,fnmrcccwux,1991-03-21 00:38:00,npvev@gmail.com
mcpreixjsf,ebyncreajf,1979-01-27 17:59:00,vtagu@gmail.com
bgtdofhyxn,pntxhzktyb,2019-09-18 12:48:00,zhvpg@mail.ru
zkfythxxcu,zihpojynti,1974-04-04 22:58:00,yrdge@gmail.com
vjzjfyvfro,gswqiejztn,2011-10-05 16:24:00,meqrs@gmail.com
ryswgcingc,tntteyenjk,1981-07-27 21:26:00,aycsc@gmail.com
kwicrjaixh,sjezmjesqz,2008-01-31 22:51:00,tlepd@yandex.ru
tlftrykyvs,bgsvargwxv,2007-12-23 19:06:00,sjbhv@gmail.com
bjushieywq,jxrhsvzctz,1987-09-23 03:32:00,ebewm@yandex.ru
tmabvwiakk,acjebfvtny,1998-02-28 18:51:00,oognn@yandex.ru
jbajnalzyu,oeffbdtfif,2013-01-10 21:27:00,dnirf@mail.ru
doiglttujk,jkrzkrxpsn,1976-11-07 21:44:00,kxytp@mail.ru
hcrxboojiy,pnycfkuhhu,1980-08-02 09:16:00,uylvn@mail.ru
tsvvakumrc,frmuzrjuos,1994-11-08 18:59:00,qgyel@yandex.ru
wzzvpsmzph,tthehhotsr,2020-09-18 08:22:00,gqhhq@yandex.ru
kvfxvbgrlx,jusyzsfwqa,1982-12-01 13:17:00,xoutc@yandex.ru
xhjdecykxf,cyxicuybot,2018-08-31 01:13:00,zziuy@yandex.ru
kdasuidjqh,kvhainmmer,2002-08-27 19:58:00,vyryq@yandex.ru
